Model,Ext_AUC,Ext_Accuracy,Ext_F1,Ext_Precision,Ext_Recall,Optimal_Threshold,AUC_Gap
LightGBM,0.6992109980499832,0.6528459866355366,0.6544871794871795,0.6514076082622219,0.6575960067627405,0.5937238227143069,0.00833057488506972
XGBoost,0.6971317044306118,0.6495853795990661,0.6624529838303153,0.6389886295631358,0.6877063038402705,0.5801026225090027,0.025283362702489653
